City_ID,City,Country,Lat,Lng,Max Temp,Humidity,Cloudiness,Wind Speed,Current Description
0,Canaries,ES,28.0,-15.5,60.76,77,0,3.44,clear sky
1,Castro,BR,-24.7911,-50.0119,73.72,74,46,0.92,scattered clouds
2,Nanortalik,GL,60.1432,-45.2371,10.63,65,15,13.38,few clouds
3,Sao Miguel Do Araguaia,BR,-13.275,-50.1628,77.9,86,100,5.23,overcast clouds
4,Rikitea,PF,-23.1203,-134.9692,77.77,74,100,13.2,light rain
5,Nikolskoye,RU,59.7035,30.7861,29.8,87,8,8.93,clear sky
6,Broken Hill,AU,-31.95,141.4333,87.21,37,17,12.91,few clouds
7,Geraldton,AU,-28.7667,114.6,63.01,82,0,9.22,clear sky
8,Narsaq,GL,60.9167,-46.05,-7.38,66,6,6.49,clear sky
9,Victoria,HK,22.2855,114.1577,64.33,72,100,5.99,overcast clouds
10,Provideniya,RU,64.3833,-173.3,-0.29,75,23,13.22,few clouds
11,Porto Velho,BR,-8.7619,-63.9039,78.85,83,75,2.3,heavy intensity rain
12,Begusarai,IN,25.4167,86.1333,54.45,56,11,2.84,few clouds
13,Inhambane,MZ,-23.865,35.3833,75.13,88,95,7.38,light rain
14,Cape Town,ZA,-33.9258,18.4232,74.37,67,0,13.0,clear sky
15,Naze,JP,28.3667,129.4833,54.52,66,21,9.55,few clouds
16,Hambantota,LK,6.1241,81.1185,72.57,84,100,7.34,overcast clouds
17,Jamestown,US,42.097,-79.2353,44.02,68,100,11.5,overcast clouds
18,Turiacu,BR,-1.6633,-45.3717,76.71,89,74,5.53,broken clouds
19,Ust-Ilimsk,RU,58.0006,102.6619,-25.74,97,45,3.2,scattered clouds
20,Bredasdorp,ZA,-34.5322,20.0403,67.5,86,15,13.33,few clouds
21,Albany,US,42.6001,-73.9662,43.66,74,100,7.7,overcast clouds
22,Busselton,AU,-33.65,115.3333,52.83,81,0,13.49,clear sky
23,Broome,US,42.2506,-75.833,45.66,75,100,5.75,overcast clouds
24,Avarua,CK,-21.2078,-159.775,82.45,83,75,10.36,broken clouds
25,Dhidhdhoo,MV,6.8833,73.1,79.74,71,74,5.97,broken clouds
26,Bambous Virieux,MU,-20.3428,57.7575,75.22,88,20,6.91,few clouds
27,Vaini,TO,-21.2,-175.2,80.76,94,75,6.91,light rain
28,Yeppoon,AU,-23.1333,150.7333,71.38,71,20,12.66,few clouds
29,Yellowknife,CA,62.456,-114.3525,7.32,85,100,4.61,light snow
30,Kaitangata,NZ,-46.2817,169.8464,61.9,68,4,2.95,clear sky
31,Saint-Philippe,RE,-21.3585,55.7679,76.59,78,77,3.56,light rain
32,Kapaa,US,22.0752,-159.319,79.12,71,0,1.01,clear sky
33,Letka,RU,59.6011,49.4232,32.23,97,100,9.44,snow
34,Hobart,AU,-42.8794,147.3294,72.27,75,0,1.14,clear sky
35,Nemuro,JP,43.3236,145.575,21.43,63,34,18.7,scattered clouds
36,Galesong,ID,-5.3166,119.3661,77.02,81,100,8.43,overcast clouds
37,Tuktoyaktuk,CA,69.4541,-133.0374,-2.2,84,75,13.8,light snow
38,Saint George,US,37.1041,-113.5841,47.25,88,100,10.36,overcast clouds
39,Saskylakh,RU,71.9167,114.0833,-8.43,99,100,3.38,overcast clouds
40,Puerto Ayora,EC,-0.7393,-90.3518,84.16,91,34,3.0,scattered clouds
41,Tautira,PF,-17.7333,-149.15,80.26,76,11,10.76,light rain
42,Codrington,AU,-38.2667,141.9667,65.21,85,32,7.76,scattered clouds
43,Upernavik,GL,72.7868,-56.1549,-18.71,69,23,6.46,few clouds
44,East London,ZA,-33.0153,27.9116,69.37,84,2,14.12,clear sky
45,Hithadhoo,MV,-0.6,73.0833,80.74,74,11,12.59,few clouds
46,Qaanaaq,GL,77.484,-69.3632,-2.92,61,81,6.8,broken clouds
47,Pisco,PE,-13.7,-76.2167,75.25,69,0,11.5,clear sky
48,Burevestnik,RU,56.144,43.7883,33.55,100,100,8.95,light snow
49,Pacific Grove,US,36.6177,-121.9166,59.9,76,20,15.99,few clouds
50,Saraland,US,30.8207,-88.0706,77.81,66,1,4.85,clear sky
51,Catia La Mar,VE,10.6038,-67.0303,78.12,89,14,7.07,few clouds
52,Clyde River,CA,70.4692,-68.5914,-23.57,76,0,13.8,clear sky
53,Mareeba,AU,-17.0,145.4333,73.44,98,100,1.19,overcast clouds
54,Kidal,ML,18.4411,1.4078,63.37,17,28,10.65,scattered clouds
55,Mount Gambier,AU,-37.8333,140.7667,62.31,79,28,5.79,scattered clouds
56,Ushuaia,AR,-54.8,-68.3,53.26,54,75,9.22,light intensity drizzle
57,Ovre Ardal,NO,61.3167,7.8,18.48,83,69,7.07,broken clouds
58,Bathsheba,BB,13.2167,-59.5167,75.81,78,75,18.41,shower rain
59,Puerto Carreno,CO,6.189,-67.4859,93.18,49,20,9.22,few clouds
60,Mtambile,TZ,-5.3833,39.7,79.56,76,0,8.63,clear sky
61,Longyearbyen,SJ,78.2186,15.6401,31.84,74,75,19.57,broken clouds
62,Port Elizabeth,ZA,-33.918,25.5701,70.11,91,0,14.97,clear sky
63,Torrijos,ES,39.9819,-4.2835,58.06,49,73,8.84,broken clouds
64,Iqaluit,CA,63.7506,-68.5145,-14.31,75,75,3.44,broken clouds
65,Schwedt,DE,53.0596,14.2815,53.53,88,100,7.87,overcast clouds
66,Kununurra,AU,-15.7667,128.7333,76.98,94,75,6.91,broken clouds
67,Punta Arenas,CL,-53.15,-70.9167,57.31,51,40,36.82,light rain
68,Aykhal,RU,66.0,111.5,-7.78,86,99,7.63,overcast clouds
69,Lodja,CD,-3.4833,23.4333,68.13,97,62,2.71,broken clouds
70,Georgetown,MY,5.4112,100.3354,78.89,83,20,8.05,few clouds
71,Male,MV,4.1748,73.5089,80.55,78,20,13.8,few clouds
72,Dolinsk,RU,47.35,142.8,-1.57,85,87,7.0,overcast clouds
73,Payson,US,40.0444,-111.7321,37.4,95,100,9.22,snow
74,Bilibino,RU,68.0546,166.4372,-31.49,99,100,0.65,overcast clouds
75,Mataura,NZ,-46.1927,168.8643,66.15,63,5,0.69,clear sky
76,Hasaki,JP,35.7333,140.8333,33.22,56,8,12.21,clear sky
77,Dikson,RU,73.5069,80.5464,-16.65,98,100,9.06,overcast clouds
78,New Norfolk,AU,-42.7826,147.0587,71.92,61,34,2.06,scattered clouds
79,Faya,SA,18.3851,42.4509,57.72,69,1,2.48,clear sky
80,Moron,AR,-34.6534,-58.6198,70.02,95,100,6.73,light rain
81,Guerrero Negro,MX,27.9769,-114.0611,66.02,71,100,20.76,overcast clouds
82,Ust-Tsilma,RU,65.441,52.1498,10.71,93,100,12.12,light snow
83,Arraial Do Cabo,BR,-22.9661,-42.0278,80.56,78,0,18.41,clear sky
84,Takahagi,JP,36.7167,140.7167,35.1,56,19,16.49,few clouds
85,Port Alfred,ZA,-33.5906,26.891,69.19,88,4,4.0,clear sky
86,Khatanga,RU,71.9667,102.5,-18.31,96,42,10.89,scattered clouds
87,Juegang,CN,32.3174,121.1855,45.99,80,95,9.06,overcast clouds
88,Ruidoso,US,33.3317,-105.673,52.95,51,100,18.41,overcast clouds
89,Staryy Nadym,RU,65.6118,72.6842,-33.84,100,46,4.14,scattered clouds
90,Hilo,US,19.7297,-155.09,79.25,70,0,8.01,clear sky
91,Bac Giang,VN,21.2667,106.2,60.87,68,12,3.53,few clouds
92,Butaritari,KI,3.0707,172.7902,82.27,73,85,16.37,overcast clouds
93,Carnarvon,AU,-24.8667,113.6333,72.95,76,0,25.03,clear sky
94,Bluff,NZ,-46.6,168.3333,58.98,74,35,2.82,scattered clouds
95,Cascina,IT,43.6791,10.4994,58.06,86,75,4.61,broken clouds
96,Ribeira Grande,PT,38.5167,-28.7,58.77,62,40,18.41,scattered clouds
97,Gbadolite,CD,4.2833,21.0167,78.48,39,78,1.59,broken clouds
98,Ugoofaaru,MV,5.6667,73.0,79.36,72,68,7.49,broken clouds
99,Saint-Francois,FR,46.4154,3.9054,58.44,55,0,19.57,clear sky
100,Norman Wells,CA,65.282,-126.8329,-3.96,77,20,5.75,few clouds
101,Kaeo,NZ,-35.1,173.7833,66.24,76,100,17.11,overcast clouds
102,San Juan Bautista,PE,-14.0108,-75.7358,85.01,40,89,14.56,overcast clouds
103,Penzance,GB,50.1186,-5.5371,50.68,81,100,14.05,overcast clouds
104,Hermanus,ZA,-34.4187,19.2345,69.8,83,10,16.35,clear sky
105,Bethel,US,41.3712,-73.414,52.11,59,0,8.05,clear sky
106,Namibe,AO,-15.1961,12.1522,74.01,77,100,8.81,overcast clouds
107,Airai,TL,-8.9266,125.4092,60.84,96,100,5.12,overcast clouds
108,Cabo San Lucas,MX,22.8909,-109.9124,83.61,65,42,16.28,scattered clouds
109,Kawalu,ID,-7.3817,108.2082,71.15,93,100,2.53,overcast clouds
110,Westport,US,41.1415,-73.3579,53.64,55,0,9.22,clear sky
111,Zyryanka,RU,65.75,150.85,-33.92,93,95,7.65,overcast clouds
112,Beringovskiy,RU,63.05,179.3167,-13.2,90,93,12.26,overcast clouds
113,Gat,IL,31.61,34.7642,63.28,100,96,31.05,overcast clouds
114,Kodiak,US,57.79,-152.4072,38.71,100,100,12.66,light rain
115,Pochutla,MX,15.7432,-96.4661,85.82,51,63,6.98,broken clouds
116,Siloam Springs,US,36.1881,-94.5405,70.65,53,0,21.85,clear sky
117,Cherskiy,RU,68.75,161.3,-46.46,99,86,4.88,overcast clouds
118,Oktyabrskiy,RU,54.4815,53.471,29.07,93,100,14.09,overcast clouds
119,Bengkulu,ID,-3.8004,102.2655,73.69,90,100,3.62,moderate rain
120,Outlook,CA,51.5001,-107.0513,16.23,89,16,6.96,few clouds
121,Kavieng,PG,-2.5744,150.7967,82.42,73,100,3.91,overcast clouds
122,Katsuura,JP,35.1333,140.3,43.9,69,17,11.72,few clouds
123,Leningradskiy,RU,69.3833,178.4167,-30.91,95,23,2.28,few clouds
124,Shimanovsk,RU,52.0,127.7,-1.44,80,43,11.56,scattered clouds
125,Chokurdakh,RU,70.6333,147.9167,-25.01,99,100,4.54,overcast clouds
126,Coquimbo,CL,-29.9533,-71.3436,71.33,68,0,14.97,clear sky
127,Maniitsoq,GL,65.4167,-52.9,4.28,70,29,13.65,scattered clouds
128,Dingle,PH,10.9995,122.6711,73.62,94,100,3.4,light rain
129,Kavaratti,IN,10.5669,72.642,81.07,71,40,11.34,scattered clouds
130,Chala,TZ,-7.5833,31.2667,57.0,82,43,1.95,scattered clouds
131,Maceio,BR,-9.6658,-35.7353,76.44,94,75,8.05,broken clouds
132,Adrar,MR,20.5022,-10.0711,67.23,20,1,11.65,clear sky
133,Katherine,AU,-14.4667,132.2667,75.52,94,100,9.22,light rain
134,Colares,PT,38.7992,-9.4469,57.76,93,89,21.0,overcast clouds
135,Svetlyy,RU,54.675,20.1347,48.25,84,96,12.68,overcast clouds
136,Turayf,SA,31.6725,38.6637,44.85,81,0,18.41,clear sky
137,Isangel,VU,-19.55,169.2667,82.51,78,72,11.5,broken clouds
138,Luganville,VU,-15.5333,167.1667,79.68,85,100,6.26,overcast clouds
139,Leh,IN,34.1667,77.5833,2.39,60,0,2.66,clear sky
140,Kahului,US,20.8947,-156.47,79.84,71,0,7.0,clear sky
141,Arawa,PG,-6.2132,155.5367,80.58,82,99,3.42,overcast clouds
142,Souillac,MU,-20.5167,57.5167,73.78,88,20,6.91,few clouds
143,Portland,US,45.5234,-122.6762,47.62,92,75,4.0,mist
144,Urussu,RU,54.5981,53.4631,29.39,93,100,14.88,overcast clouds
145,Carballo,ES,43.213,-8.691,51.49,93,100,5.84,overcast clouds
146,Krutinka,RU,56.0055,71.5113,-16.71,99,97,4.5,overcast clouds
147,Luderitz,NA,-26.6481,15.1594,67.15,83,41,7.74,scattered clouds
148,Vestmanna,FO,62.1564,-7.1664,34.72,60,55,5.75,broken clouds
149,Chuy,UY,-33.6971,-53.4616,79.99,57,81,17.96,broken clouds
150,Les Cayes,HT,18.2,-73.75,81.41,64,55,5.99,broken clouds
151,Sao Felix Do Xingu,BR,-6.6447,-51.995,81.57,76,55,2.89,broken clouds
152,Katobu,ID,-4.9408,122.5276,76.03,86,100,3.67,overcast clouds
153,Atuona,PF,-9.8,-139.0333,78.12,78,9,17.49,light rain
154,Thompson,CA,55.7435,-97.8558,3.36,85,75,6.91,broken clouds
155,Kupang,ID,-10.1667,123.5833,80.31,85,100,19.64,overcast clouds
156,Sao Filipe,CV,14.8961,-24.4956,74.59,77,93,6.6,overcast clouds
157,Yaan,NG,7.3833,8.5667,79.32,20,3,6.2,clear sky
158,Coihaique,CL,-45.5752,-72.0662,53.55,62,100,5.75,light rain
159,Orda,RU,57.1951,56.9091,19.83,91,99,14.97,overcast clouds
160,Puttur,IN,12.7667,75.2167,75.31,96,79,2.06,broken clouds
161,San Cristobal,VE,7.7669,-72.225,75.38,83,79,3.6,broken clouds
162,Meulaboh,ID,4.1363,96.1285,74.14,91,66,4.0,broken clouds
163,Barrow,US,71.2906,-156.7887,-0.15,98,99,8.93,overcast clouds
164,Caruaru,BR,-8.2833,-35.9761,75.2,71,97,10.33,overcast clouds
165,Batagay-Alyta,RU,67.8006,130.4114,-12.44,99,100,4.94,overcast clouds
166,Sumenep,ID,-7.0167,113.8667,78.44,86,100,17.49,light rain
167,College,US,64.8569,-147.8028,18.59,86,75,0.0,broken clouds
168,Winnemucca,US,40.973,-117.7357,37.45,60,20,17.27,few clouds
169,Port Moresby,PG,-9.4431,147.1797,74.62,88,20,5.75,few clouds
170,Torbay,CA,47.6666,-52.7314,39.27,96,100,9.22,moderate rain
171,Kurilsk,RU,45.2333,147.8833,22.68,68,100,23.53,light snow
172,Waihi,NZ,-37.3833,175.8333,67.6,77,100,10.89,overcast clouds
173,Mujiayingzi,CN,42.1167,118.7833,6.75,44,0,6.24,clear sky
174,Belyy Yar,RU,53.6039,91.3903,-5.91,92,100,0.0,fog
175,Ancud,CL,-41.8697,-73.8203,58.06,65,38,12.08,scattered clouds
176,Tornio,FI,65.8481,24.1466,28.42,87,45,8.05,scattered clouds
177,Eyl,SO,7.9803,49.8164,76.87,77,53,19.75,broken clouds
178,Mahebourg,MU,-20.4081,57.7,75.25,88,20,6.91,few clouds
179,Boundiali,CI,9.5217,-6.4869,74.26,16,12,4.21,few clouds
180,Teguise,ES,29.0605,-13.564,61.02,42,0,2.3,clear sky
181,Daru,PG,-9.0763,143.2092,78.6,75,100,5.37,overcast clouds
182,Salalah,OM,17.0151,54.0924,77.09,38,0,10.36,clear sky
183,Henties Bay,NA,-22.116,14.2845,68.54,81,19,8.21,few clouds
184,Palmer,US,42.1584,-72.3287,45.86,63,100,16.11,overcast clouds
185,Tabas,IR,33.5959,56.9244,44.06,36,0,5.82,clear sky
186,Petropavl,KZ,54.8753,69.1628,-8.37,99,99,6.69,overcast clouds
187,Teya,RU,60.3778,92.6267,6.51,97,100,2.42,overcast clouds
188,Tuatapere,NZ,-46.1333,167.6833,64.67,62,3,1.3,clear sky
189,Bonthe,SL,7.5264,-12.505,79.14,74,7,8.03,clear sky
190,Bata,GQ,1.8639,9.7658,80.74,76,51,8.37,broken clouds
191,Esperance,AU,-33.8667,121.9,58.55,71,0,9.08,clear sky
192,Namatanai,PG,-3.6667,152.4333,80.92,77,100,3.71,overcast clouds
193,Kruisfontein,ZA,-34.0033,24.7314,67.89,95,0,8.28,clear sky
194,Cidreira,BR,-30.1811,-50.2056,75.43,85,2,18.21,clear sky
195,Sawtell,AU,-30.3833,153.1,68.02,88,40,9.22,scattered clouds
196,Troitskoye,RU,52.9821,84.6757,15.73,97,100,5.93,overcast clouds
197,Severo-Kurilsk,RU,50.6789,156.125,31.44,95,100,14.9,snow
198,Beisfjord,NO,68.3751,17.5988,32.05,97,100,6.44,snow
199,Ifanadiana,MG,-21.3,47.6333,69.66,97,100,0.36,overcast clouds
200,Olden,NO,61.8364,6.8064,25.54,61,90,9.31,overcast clouds
201,Pevek,RU,69.7008,170.3133,-35.84,98,100,2.28,overcast clouds
202,Payo,ID,-3.7508,103.6372,70.84,99,95,1.88,overcast clouds
203,Primorsko,BG,42.2667,27.7667,43.27,68,0,3.78,clear sky
204,Aden,YE,12.7794,45.0367,78.13,78,1,21.92,clear sky
205,Union City,US,37.5958,-122.0192,61.36,60,0,8.05,clear sky
206,Dillon,US,34.4166,-79.3712,70.88,64,40,5.99,scattered clouds
207,Biak,ID,-0.9131,122.8766,76.66,75,100,2.68,overcast clouds
208,Riviere-Au-Renard,CA,48.9957,-64.3971,30.49,82,100,14.18,overcast clouds
209,Simao,CN,22.7886,100.9748,47.03,98,2,2.08,clear sky
210,Tulun,RU,54.5611,100.5792,-17.77,99,56,3.44,broken clouds
211,Nome,US,64.5011,-165.4064,3.56,86,11,10.25,few clouds
212,Havelock,US,34.8791,-76.9013,69.98,60,0,5.75,clear sky
213,Caravelas,BR,-17.7125,-39.2481,77.2,81,5,7.65,clear sky
214,Tasiilaq,GL,65.6145,-37.6368,-12.77,48,0,6.62,clear sky
215,Lebu,CL,-37.6167,-73.65,61.52,74,4,12.62,clear sky
216,Evensk,RU,61.95,159.2333,-16.56,78,1,6.91,clear sky
217,Junin,AR,-34.5838,-60.9433,75.6,57,84,11.03,broken clouds
218,Monte Patria,CL,-30.6919,-70.9467,81.28,33,0,8.81,clear sky
219,Klaksvik,FO,62.2266,-6.589,36.52,56,47,19.37,scattered clouds
220,Margate,GB,51.3813,1.3862,49.3,90,100,1.01,overcast clouds
221,Faanui,PF,-16.4833,-151.75,80.91,75,99,13.18,overcast clouds
222,Road Town,VG,18.4167,-64.6167,80.64,74,40,6.91,scattered clouds
223,La Ronge,CA,55.1001,-105.2842,14.25,79,100,4.61,overcast clouds
224,Padang,ID,-0.9492,100.3543,75.22,87,96,2.68,overcast clouds
225,Santa Rosalia,MX,27.3167,-112.2833,68.94,55,100,10.56,overcast clouds
226,Deputatskiy,RU,69.3,139.9,-17.18,98,100,3.85,overcast clouds
227,Lompoc,US,34.6391,-120.4579,59.02,83,100,19.57,overcast clouds
228,Sayyan,YE,15.1718,44.3244,52.27,68,89,5.35,overcast clouds
229,Teguldet,RU,57.3064,88.1667,18.73,90,100,9.89,overcast clouds
230,Bay Roberts,CA,47.5999,-53.2648,40.05,98,100,5.01,moderate rain
231,Mayo,US,38.8876,-76.5119,64.56,63,0,5.75,clear sky
232,Zykovo,RU,55.9519,93.1461,5.74,88,100,3.15,overcast clouds
233,Sioux Lookout,CA,50.1001,-91.917,19.47,93,100,4.61,mist
234,Agirish,RU,61.9247,63.0231,-7.06,96,100,9.28,overcast clouds
235,Havre,FR,49.5833,0.3333,55.17,82,100,8.05,overcast clouds
236,Port Shepstone,ZA,-30.7414,30.455,67.48,81,45,11.25,scattered clouds
237,Bajil,YE,15.0584,43.2851,78.4,75,98,4.25,overcast clouds
238,Berbera,SO,10.4396,45.0143,77.97,80,52,15.28,broken clouds
239,Kirkcudbright,GB,54.8383,-4.0491,41.34,77,53,5.5,broken clouds
240,Tura,IN,25.5198,90.2201,54.86,65,0,4.27,clear sky
241,Los Llanos De Aridane,ES,28.6585,-17.9182,64.15,82,20,5.99,few clouds
242,Pingliang,CN,35.5392,106.6861,26.62,30,100,0.65,overcast clouds
243,Bonavista,CA,48.6499,-53.1147,35.56,98,100,14.2,moderate rain
244,Eureka,US,40.8021,-124.1637,53.2,75,57,5.01,broken clouds
245,Blythe,US,33.6103,-114.5964,65.03,40,31,22.86,scattered clouds
246,Mar Del Plata,AR,-38.0023,-57.5575,68.09,92,100,17.0,moderate rain
247,Ambilobe,MG,-13.2,49.05,74.75,89,93,3.04,overcast clouds
248,Northam,GB,51.0333,-4.2167,46.62,87,100,9.35,overcast clouds
249,Dasoguz,TM,41.8363,59.9666,35.55,75,0,9.22,clear sky
250,Chapais,CA,49.7834,-74.8492,19.18,96,63,2.82,broken clouds
251,Sungairaya,ID,0.7,108.9,78.03,84,100,7.4,overcast clouds
252,Avera,US,33.194,-82.5271,65.71,61,46,6.31,scattered clouds
253,Nan,TH,18.8333,100.6667,57.42,86,4,1.52,clear sky
254,Esso,RU,55.9333,158.7,-1.93,100,100,4.45,overcast clouds
255,Bilma,NE,18.6853,12.9164,58.73,29,0,2.19,clear sky
256,Baoshan,CN,46.5586,131.4244,-2.11,77,10,15.59,clear sky
257,Kiunga,PG,-6.1219,141.2906,72.48,87,100,0.76,overcast clouds
258,Shelburne,CA,44.0787,-80.2041,36.05,97,100,7.43,overcast clouds
259,Kabanjahe,ID,3.1001,98.4908,61.47,96,76,1.07,broken clouds
260,Awjilah,LY,29.1081,21.2869,57.0,61,93,5.55,overcast clouds
261,Kotar,IN,24.7167,80.9833,51.67,69,27,2.01,scattered clouds
262,Corinto,GR,37.9407,22.9573,49.89,72,0,0.49,clear sky
263,Lokachi,UA,50.737,24.6494,48.74,85,91,12.59,overcast clouds
264,Ulaangom,MN,49.9811,92.0667,-13.09,98,100,1.7,overcast clouds
265,Koutsouras,GR,35.0339,25.9469,59.11,70,64,8.01,broken clouds
266,Seydi,TM,39.4816,62.9137,35.87,57,2,5.79,clear sky
267,Abalak,RU,58.1286,68.5944,-7.8,96,99,7.09,overcast clouds
268,Matveyevka,RU,52.15,56.1833,18.64,95,100,5.86,overcast clouds
269,Isilkul,RU,54.9109,71.2728,-8.97,100,100,4.9,overcast clouds
270,Khash,IR,28.2211,61.2158,41.47,46,1,3.85,clear sky
271,Tonantins,BR,-2.8731,-67.8022,73.92,92,100,1.12,overcast clouds
272,Rawson,AR,-43.3002,-65.1023,75.43,24,0,9.55,clear sky
273,Vostok,RU,46.4856,135.8833,-17.7,98,100,5.35,overcast clouds
274,Cayenne,GF,4.9333,-52.3333,77.04,88,75,2.3,broken clouds
275,Kipushi,CD,-11.7667,27.2333,62.73,97,100,2.3,light rain
276,Qui Nhon,VN,13.7667,109.2333,71.2,79,100,17.87,overcast clouds
277,Nouadhibou,MR,20.931,-17.0347,78.78,34,0,13.8,clear sky
278,Richards Bay,ZA,-28.783,32.0377,65.82,81,0,3.38,clear sky
279,Morant Bay,JM,17.8815,-76.4093,86.7,75,19,5.68,few clouds
280,Santa Maria,BR,-29.6842,-53.8069,94.3,41,75,14.97,broken clouds
281,Coahuayana,MX,18.7333,-103.6833,86.76,44,2,7.36,clear sky
282,Kang,BW,-23.6752,22.7876,75.58,48,50,9.15,scattered clouds
283,Sorland,NO,67.667,12.6934,42.66,72,92,32.03,light rain
284,Touros,BR,-5.1989,-35.4608,79.95,78,100,11.83,overcast clouds
285,Wukari,NG,7.85,9.7833,74.7,24,1,5.88,clear sky
286,Hofn,IS,64.2539,-15.2082,21.87,55,41,7.54,scattered clouds
287,Vila Franca Do Campo,PT,37.7167,-25.4333,55.81,67,15,6.78,few clouds
288,Port Hardy,CA,50.6996,-127.4199,42.98,87,75,11.5,broken clouds
289,Sofia,BG,42.6975,23.3242,33.49,100,20,2.3,mist
290,Rockland,US,41.1668,-74.0496,53.46,63,39,6.78,scattered clouds
291,Boshan,CN,36.4833,117.8333,27.68,56,98,2.71,overcast clouds
292,Ho Chi Minh City,VN,10.75,106.6667,73.42,88,40,3.44,scattered clouds
293,Asfi,MA,32.2994,-9.2372,62.91,74,10,2.95,clear sky
294,Tete,MZ,-16.1564,33.5867,73.31,84,3,3.83,clear sky
295,Atar,MR,20.5169,-13.0499,75.42,17,0,8.46,clear sky
296,Cranbrook,CA,49.4999,-115.7688,24.64,93,20,0.0,few clouds
297,Bandarbeyla,SO,9.4942,50.8122,76.93,79,51,18.97,broken clouds
298,Berlevag,NO,70.8578,29.0864,32.0,93,100,0.0,light snow
299,Ardmore,US,34.1743,-97.1436,78.58,31,0,13.0,clear sky
300,Tezu,IN,27.9167,96.1667,55.81,60,61,3.58,broken clouds
301,Hornslet,DK,56.3155,10.3204,46.6,89,75,7.0,broken clouds
302,Mandal,IN,25.45,74.5667,50.94,51,3,1.39,clear sky
303,Karratha,AU,-20.7377,116.8463,81.37,47,99,19.57,overcast clouds
304,Hamilton,US,39.1834,-84.5333,54.59,90,99,1.99,overcast clouds
305,Constitucion,CL,-35.3333,-72.4167,66.47,59,1,17.25,clear sky
306,Yerbogachen,RU,61.2767,108.0108,-13.74,93,28,5.97,scattered clouds
307,Kamenka,RU,51.3223,42.7678,40.69,97,100,16.64,overcast clouds
308,Lasa,IT,46.6166,10.7002,42.03,94,99,3.87,overcast clouds
309,Pangnirtung,CA,66.1451,-65.7125,-23.8,76,20,4.61,few clouds
310,Ponta Do Sol,PT,32.6667,-17.1,65.01,75,98,8.81,overcast clouds
311,Ranfurly,NZ,-45.1333,170.1,61.11,82,0,2.59,clear sky
312,Williamsport,US,41.2412,-77.0011,51.03,73,79,1.01,broken clouds
313,Tazovskiy,RU,67.4667,78.7,-6.05,99,100,2.15,overcast clouds
314,Manokwari,ID,-0.8667,134.0833,77.4,79,100,4.63,overcast clouds
315,Kudahuvadhoo,MV,2.6708,72.8944,80.92,69,70,16.42,broken clouds
316,Bad Frankenhausen,DE,51.35,11.1,58.19,69,100,1.99,overcast clouds
317,Trairi,BR,-3.2778,-39.2689,80.19,78,99,12.68,overcast clouds
318,Hirara,JP,24.8,125.2833,67.24,79,100,20.54,overcast clouds
319,Voh,NC,-20.9667,164.7,77.74,75,84,5.06,broken clouds
320,Vanimo,PG,-2.6741,141.3028,76.89,87,46,2.42,scattered clouds
321,Salta,AR,-24.7859,-65.4117,93.79,27,20,10.36,few clouds
322,Palana,RU,59.1167,159.9667,-4.31,86,22,10.47,few clouds
323,Emerald,AU,-23.5333,148.1667,71.35,75,0,12.95,clear sky
324,Atambua,ID,-9.1061,124.8925,73.51,91,100,5.79,light rain
325,Athabasca,CA,54.7169,-113.2854,16.21,90,99,4.94,overcast clouds
326,Hami,CN,42.8,93.45,19.62,53,77,1.81,broken clouds
327,Sharjah,AE,25.3573,55.4033,69.78,73,0,6.91,clear sky
328,Rodrigues Alves,BR,-7.738,-72.6509,82.6,79,99,4.79,overcast clouds
329,San Rafael Del Sur,NI,11.8485,-86.4384,85.17,51,7,14.32,clear sky
330,Warkworth,NZ,-36.4,174.6667,68.49,64,100,18.9,overcast clouds
331,Hobyo,SO,5.3505,48.5268,77.34,82,46,17.67,light rain
332,Leshukonskoye,RU,64.8989,45.7622,22.17,96,100,5.5,snow
333,Ostrovnoy,RU,68.0531,39.5131,25.0,95,99,10.07,light snow
334,Baykit,RU,61.67,96.37,-7.31,99,100,2.15,overcast clouds
335,Wenling,CN,28.3669,121.36,51.13,77,100,10.27,overcast clouds
336,Villa Carlos Paz,AR,-31.4241,-64.4978,78.39,28,38,15.01,scattered clouds
337,Kargil,IN,34.5667,76.1,-9.36,79,9,3.58,clear sky
338,Aksarka,RU,66.5606,67.7975,-33.23,100,97,2.62,overcast clouds
339,Ust-Tarka,RU,55.5672,75.705,-14.53,100,86,2.39,overcast clouds
340,Pringsewu,ID,-5.3582,104.9744,71.98,95,100,1.05,overcast clouds
341,Panzhihua,CN,26.5851,101.7128,44.44,84,0,1.34,clear sky
342,Udachnyy,RU,66.4167,112.4,0.45,84,99,17.65,overcast clouds
343,Takoradi,GH,4.8845,-1.7554,79.32,67,6,5.1,clear sky
344,Saldanha,ZA,-33.0117,17.9442,71.65,87,0,11.03,clear sky
345,Texarkana,US,33.4251,-94.0477,75.24,69,87,11.99,overcast clouds
346,Lesosibirsk,RU,58.2358,92.4828,4.37,96,100,7.45,light snow
347,Qingyuan,CN,23.7,113.0333,55.38,63,90,6.26,overcast clouds
348,Guanica,PR,17.9716,-66.908,82.06,81,26,4.92,scattered clouds
349,Arlington,US,32.7357,-97.1081,79.41,42,100,5.99,overcast clouds
350,Miri,MY,4.4148,114.0089,80.74,83,40,4.61,scattered clouds
351,Alzamay,RU,55.5562,98.6644,-11.9,98,100,2.75,overcast clouds
352,Talnakh,RU,69.4865,88.3972,-3.8,80,100,3.29,overcast clouds
353,Nizhnyaya Tavda,RU,57.6731,66.1725,-3.14,96,100,7.96,overcast clouds
354,Sarakhs,IR,36.5449,61.1577,39.33,61,0,7.25,clear sky
355,Pemagatsel,BT,27.0319,91.4266,38.75,74,11,5.48,few clouds
356,Turukhansk,RU,65.8167,87.9833,-1.57,95,100,10.98,overcast clouds
357,Carmen,MX,18.6333,-91.8333,81.54,74,97,9.37,overcast clouds
358,Excelsior Springs,US,39.3392,-94.2261,62.17,54,0,4.61,clear sky
359,Haines Junction,CA,60.7522,-137.5108,18.73,98,100,3.74,overcast clouds
360,Mnogovershinnyy,RU,53.9353,139.9242,-25.69,97,27,4.99,scattered clouds
361,Durnesti,RO,47.7667,27.1,47.68,75,68,3.11,broken clouds
362,Swarzedz,PL,52.4129,17.085,53.73,64,0,5.75,light rain
363,Taltal,CL,-25.4,-70.4833,69.4,69,30,7.11,scattered clouds
364,Prince Rupert,CA,54.3161,-130.3201,39.7,82,100,11.23,overcast clouds
365,Uspenka,UA,48.3903,39.1619,46.51,81,100,16.46,overcast clouds
366,Ossora,RU,59.2353,163.0719,-10.25,88,5,5.88,clear sky
367,Agadez,NE,19.75,10.25,56.77,24,0,10.11,clear sky
368,Tessalit,ML,20.1986,1.0114,62.11,16,0,11.34,clear sky
369,Nantucket,US,41.2835,-70.0995,52.14,79,16,16.15,few clouds
370,Manadhoo,MV,5.7667,73.3833,79.65,71,68,7.99,broken clouds
371,Uruzgan,AF,32.8333,66.0,32.43,34,0,0.96,clear sky
372,Genhe,CN,50.7833,121.5167,-31.11,100,23,1.7,few clouds
373,Cap-Aux-Meules,CA,47.3821,-61.8597,33.85,93,100,20.71,snow
374,Meppen,DE,52.6906,7.291,52.02,87,100,4.61,light rain
375,Akyab,MM,20.15,92.9,63.09,53,8,7.87,clear sky
376,Zhezkazgan,KZ,47.8043,67.7144,18.45,92,99,10.02,overcast clouds
377,Heihe,CN,50.2441,127.4902,-3.42,77,10,11.03,clear sky
378,Qax,AZ,41.4225,46.9242,38.8,38,61,4.88,broken clouds
379,Egvekinot,RU,66.3167,-179.1667,-18.51,89,22,14.05,few clouds
380,Conneaut,US,41.9476,-80.5542,47.12,92,100,13.22,overcast clouds
381,Colwyn Bay,GB,53.2948,-3.7267,45.55,40,64,5.99,broken clouds
382,Dargaville,NZ,-35.9333,173.8833,66.24,68,100,12.73,overcast clouds
383,Samarai,PG,-10.6167,150.6667,81.25,78,100,10.18,overcast clouds
384,Vestmannaeyjar,IS,63.4427,-20.2734,35.13,65,100,10.83,light snow
385,Marystown,CA,47.1666,-55.1483,39.88,98,100,13.58,moderate rain
386,Belaya Gora,RU,68.5333,146.4167,-20.45,97,100,1.61,overcast clouds
387,Zhaotong,CN,27.3167,103.7167,30.18,88,100,5.97,overcast clouds
388,Paraiso,CR,9.8383,-83.8656,72.95,70,52,4.81,broken clouds
389,Vila Velha,BR,-20.3297,-40.2925,78.75,87,75,11.5,light rain
390,Saint-Pierre,RE,-21.3393,55.4781,76.68,69,20,4.61,light rain
391,Nueva Concepcion,GT,14.2,-91.3,87.76,53,93,9.86,overcast clouds
392,Vardo,NO,70.3705,31.1107,33.78,93,75,4.61,light snow
393,Bambanglipuro,ID,-7.95,110.2833,77.5,88,100,9.69,overcast clouds
394,Qaqortoq,GL,60.7167,-46.0333,-4.99,65,9,5.55,clear sky
395,Wolbrom,PL,50.3796,19.7583,48.58,81,68,10.11,broken clouds
396,Moose Factory,CA,51.2585,-80.6094,6.42,97,90,3.33,overcast clouds
397,Roebourne,AU,-20.7833,117.1333,83.3,42,99,18.48,light rain
398,Hindang,PH,10.4342,124.7292,75.07,96,100,3.38,overcast clouds
399,Bereznik,RU,62.8551,42.7072,32.45,97,100,8.5,light snow
400,Tevaitoa,PF,-16.7833,-151.5,80.89,76,17,14.41,few clouds
401,Beauchamps,FR,50.012,1.5176,54.32,80,100,19.48,overcast clouds
402,Antofagasta,CL,-23.65,-70.4,69.93,71,22,11.52,few clouds
403,Englewood,US,39.6478,-104.9878,44.91,67,100,4.0,overcast clouds
404,Macklin,CA,52.3334,-109.9348,20.75,89,49,6.67,scattered clouds
405,Dauphin,CA,51.1494,-100.0502,12.34,92,100,0.0,overcast clouds
406,Daloa,CI,6.8774,-6.4502,73.69,16,0,2.73,clear sky
407,Quatre Cocos,MU,-20.2078,57.7625,75.09,73,14,3.67,few clouds
408,Denia,ES,38.8408,0.1057,56.75,82,100,1.99,overcast clouds
409,Torres,BR,-29.3353,-49.7269,83.82,83,4,13.22,clear sky
410,Mocuba,MZ,-16.8392,36.9856,71.33,96,12,0.98,few clouds
411,Yangambi,CD,0.8102,24.4336,71.64,82,99,2.37,overcast clouds
412,Saint-Joseph,RE,-21.3667,55.6167,75.58,81,73,1.9,light rain
413,Port Macquarie,AU,-31.4333,152.9167,69.89,70,28,1.81,scattered clouds
414,Fortuna,US,40.5982,-124.1573,52.93,74,0,8.05,clear sky
415,Villa Rica,US,33.7321,-84.9191,70.39,59,0,4.52,clear sky
416,Sitka,US,57.0531,-135.33,39.81,94,100,16.28,moderate rain
417,Sanmenxia,CN,34.7747,111.1814,33.55,47,93,1.95,overcast clouds
418,Anadyr,RU,64.75,177.4833,-29.67,98,67,8.79,broken clouds
419,Kikwit,CD,-5.041,18.8162,68.68,96,100,1.5,overcast clouds
420,Itoman,JP,26.1247,127.6694,62.62,72,82,13.8,broken clouds
421,Luena,AO,-11.7833,19.9167,60.73,98,100,3.11,light rain
422,Mangrol,IN,21.1167,70.1167,65.59,37,4,10.22,clear sky
423,Khasan,RU,42.4308,130.6434,15.85,47,0,19.04,clear sky
424,Rock Springs,US,41.5875,-109.2029,31.05,88,100,29.93,mist
425,Paamiut,GL,61.994,-49.6678,12.33,70,72,17.09,broken clouds
426,Alice Springs,AU,-23.7,133.8833,76.55,83,93,5.75,overcast clouds
427,Tateyama,JP,34.9833,139.8667,43.11,66,25,10.0,scattered clouds
428,Ilulissat,GL,69.2167,-51.1,-3.98,71,100,24.16,overcast clouds
429,Abha,SA,18.2164,42.5053,56.19,70,2,3.31,clear sky
430,Sharan,RU,54.8167,54.0,27.72,93,100,15.77,overcast clouds
431,Stephenville,US,32.2207,-98.2023,80.73,27,0,8.01,clear sky
432,Yamada,JP,39.4667,141.95,29.46,59,13,18.97,few clouds
433,Magdiwang,PH,12.491,122.5135,78.19,87,88,13.98,overcast clouds
434,Emba,KZ,48.8264,58.1442,29.41,98,100,8.84,overcast clouds
435,Kenai,US,60.5544,-151.2583,33.15,95,100,8.41,overcast clouds
436,Omaha,US,41.2586,-95.9378,47.16,60,0,4.61,clear sky
437,Shimoda,JP,34.6667,138.95,43.11,73,39,17.81,scattered clouds
438,Beloha,MG,-25.1667,45.05,73.92,84,86,9.06,overcast clouds
439,Kangaatsiaq,GL,68.3065,-53.4641,-2.7,99,100,10.07,overcast clouds
440,Pakxan,LA,18.3778,103.6601,56.37,79,60,4.25,broken clouds
441,Kailua,US,21.4022,-157.7394,79.07,76,10,1.99,clear sky
442,Taua,BR,-5.9667,-40.3,86.29,34,100,6.58,overcast clouds
443,Mehamn,NO,71.0357,27.8492,31.95,93,75,3.44,snow
444,Makakilo City,US,21.3469,-158.0858,77.61,69,100,0.0,overcast clouds
445,Bubaque,GW,11.2833,-15.8333,78.85,76,56,14.07,broken clouds
446,Bikaner,IN,28.0167,73.3,53.87,31,0,6.98,clear sky
447,Sur,OM,22.5667,59.5289,73.06,69,32,12.1,scattered clouds
448,Cache Creek,CA,50.8101,-121.3246,30.92,93,61,2.93,broken clouds
449,Okhotsk,RU,59.3833,143.3,-9.71,76,82,18.84,broken clouds
450,Mahon,ES,39.8885,4.2658,57.76,100,0,6.91,clear sky
451,Igarka,RU,67.4667,86.5833,-0.22,96,100,11.39,overcast clouds
452,Huallanca,PE,-9.8993,-76.9417,51.21,80,100,5.14,overcast clouds
453,Grindavik,IS,63.8424,-22.4338,28.87,86,75,16.11,snow
454,Kasane,BW,-17.8167,25.15,67.24,88,94,2.17,overcast clouds
455,Lagoa,PT,39.05,-27.9833,57.43,63,98,26.08,overcast clouds
456,Te Anau,NZ,-45.4167,167.7167,64.78,65,38,0.18,scattered clouds
457,Olafsvik,IS,64.8945,-23.7142,35.69,61,100,27.56,overcast clouds
458,Chalus,IR,36.655,51.4204,51.42,69,0,1.54,clear sky
459,Mabaruma,GY,8.2,-59.7833,73.17,97,100,2.75,overcast clouds
460,Yar-Sale,RU,66.8333,70.8333,-33.61,100,40,4.12,scattered clouds
461,Saint-Leu,RE,-21.15,55.2833,76.06,78,29,1.19,light rain
462,Zeya,RU,53.75,127.2667,-14.08,94,32,4.88,scattered clouds
463,Ust-Nera,RU,64.5667,143.2,-34.47,99,93,2.48,overcast clouds
464,Praia Da Vitoria,PT,38.7333,-27.0667,56.75,76,20,13.11,few clouds
465,La Ferte-Bernard,FR,48.1863,0.6536,58.62,86,100,18.39,overcast clouds
466,Nioro,GM,13.35,-15.75,81.66,13,96,8.03,overcast clouds
467,Sri Aman,MY,1.2376,111.4621,71.91,100,99,0.96,overcast clouds
468,Ambulu,ID,-8.345,113.6058,74.86,91,100,3.4,overcast clouds
469,Timizart,DZ,36.8,4.2667,54.77,46,97,6.91,overcast clouds
470,Biscarrosse,FR,44.3945,-1.1672,55.35,67,0,8.05,clear sky
471,Khorixas,NA,-20.3667,14.9667,75.56,59,100,8.84,overcast clouds
472,Tougue,GN,11.4667,-11.6,69.8,20,39,2.77,scattered clouds
473,Asau,RO,46.4333,26.4,40.12,79,99,6.87,overcast clouds
474,Bremervorde,DE,53.4833,9.1333,51.98,88,100,8.23,light rain
475,San Quintin,MX,30.4833,-115.95,60.67,64,24,23.51,few clouds
476,Fengrun,CN,39.8333,118.1167,22.53,40,36,4.25,scattered clouds
477,Raigarh,IN,21.9,83.4,59.13,55,0,3.83,clear sky
478,Yulara,AU,-25.2406,130.9889,83.57,49,98,8.55,overcast clouds
479,Acapulco,MX,16.8634,-99.8901,83.71,56,58,8.66,broken clouds
480,Leeuwarden,NL,53.2014,5.8086,50.11,91,100,11.5,moderate rain
481,Lamar,US,33.6668,-95.5836,75.97,53,100,12.91,overcast clouds
482,Alpinopolis,BR,-20.8636,-46.3881,73.15,87,61,1.72,broken clouds
483,Adre,TD,13.4667,22.2,64.9,29,0,17.43,clear sky
484,Saint Anthony,US,45.0205,-93.218,33.01,85,20,4.61,few clouds
485,Ginda,IN,30.6945,78.4932,37.94,30,5,6.51,clear sky
486,Funadhoo,MV,6.15,73.2667,79.66,71,62,7.43,broken clouds
487,Necochea,AR,-38.5473,-58.7368,61.48,93,100,14.58,light rain
488,Newport,GB,51.5877,-2.9984,47.62,91,100,9.91,overcast clouds
489,Noshiro,JP,40.2039,140.0242,28.89,69,100,30.62,light snow
490,Trofors,NO,65.5333,13.4063,35.47,94,69,9.08,broken clouds
491,Malatya,TR,38.5,38.0,17.65,100,0,4.61,clear sky
492,Banff,CA,51.1762,-115.5698,31.23,64,84,8.05,broken clouds
493,Linjiang,CN,41.8069,126.9078,-5.73,99,51,0.51,broken clouds
494,Freeport,US,40.6576,-73.5832,55.38,57,0,10.36,clear sky
495,Krasnoselkup,RU,65.7,82.4667,-8.39,98,100,9.15,overcast clouds
496,Sao Joao Da Barra,BR,-21.6403,-41.0511,78.89,86,99,17.76,overcast clouds
497,Lensk,RU,60.7253,114.9278,-5.93,81,100,14.34,overcast clouds
498,Herat,AF,34.5,62.0,33.87,69,0,9.37,clear sky
499,Nenjiang,CN,49.1833,125.2167,-17.66,90,12,2.28,few clouds
500,Villanueva,HN,15.3167,-88.0,86.99,51,20,10.36,few clouds
501,Viedma,AR,-40.8135,-62.9967,72.95,23,100,6.71,overcast clouds
502,Pemberton,CA,50.3164,-122.8027,39.85,86,88,0.96,overcast clouds
503,Islamkot,PK,24.6997,70.177,58.82,27,52,4.59,broken clouds
504,Rabo De Peixe,PT,37.8,-25.5833,54.91,58,20,8.05,few clouds
505,Ahipara,NZ,-35.1667,173.1667,67.89,68,100,14.67,overcast clouds
506,Progreso,MX,21.2833,-89.6667,89.11,62,49,12.21,scattered clouds
507,Kemijarvi,FI,66.7131,27.4306,28.62,87,98,14.41,overcast clouds
508,Ludvika,SE,60.1496,15.1878,17.33,93,48,1.59,scattered clouds
509,Kostomuksha,RU,64.571,30.5767,29.7,93,100,16.08,snow
510,Jalu,LY,29.0331,21.5482,57.31,60,96,5.66,overcast clouds
511,Yeniseysk,RU,58.4497,92.1703,6.13,96,100,7.72,light snow
512,Kasongo-Lunda,CD,-6.4667,16.8167,69.89,97,100,0.34,overcast clouds
513,Tual,ID,-5.6667,132.75,82.85,79,100,17.43,overcast clouds
514,Pombas,CV,17.1503,-25.0201,71.38,76,98,11.68,overcast clouds
515,Nhulunbuy,AU,-12.2333,136.7667,75.81,94,100,11.5,light rain
516,Iwanai,JP,42.9744,140.5089,17.06,81,100,23.44,light snow
517,Antalaha,MG,-14.9003,50.2788,73.58,88,83,3.33,broken clouds
518,Sibolga,ID,1.7427,98.7792,74.44,91,92,2.71,overcast clouds
519,Virginia Beach,US,36.8529,-75.978,67.03,74,0,8.05,clear sky
520,Kachiry,KZ,53.0675,76.1036,-9.74,100,32,4.45,scattered clouds
521,Preobrazheniye,RU,42.9019,133.9064,6.24,68,2,13.96,clear sky
522,Phenix City,US,32.471,-85.0008,75.27,59,0,3.44,clear sky
523,Nanlong,CN,31.3533,106.0631,43.09,82,93,2.51,overcast clouds
524,Brits,ZA,-25.6347,27.7802,64.18,86,100,2.77,overcast clouds
525,Arvika,SE,59.6553,12.5852,27.21,62,100,3.4,overcast clouds
526,Bereda,ES,43.2686,-7.5406,50.41,97,100,4.0,overcast clouds
527,Svetlogorsk,BY,52.6333,29.7333,47.57,80,99,14.23,overcast clouds
528,Betioky,MG,-23.7167,44.3833,75.4,75,6,6.35,clear sky
529,Kokopo,PG,-4.352,152.2633,78.33,83,100,5.19,overcast clouds
530,Podor,MR,16.6527,-14.9587,82.63,11,0,9.62,clear sky
531,Grandview,US,38.8858,-94.533,61.16,66,83,3.0,broken clouds
532,Kirakira,SB,-10.4544,161.9205,78.84,85,100,3.91,moderate rain
533,Salinopolis,BR,-0.6136,-47.3561,80.24,79,77,11.36,broken clouds
534,Srednekolymsk,RU,67.45,153.6833,-32.84,96,100,4.61,overcast clouds
535,Saint Joseph,US,39.7686,-94.8466,57.25,64,0,9.22,clear sky
536,Cape Coast,GH,5.1053,-1.2466,79.05,68,5,6.64,clear sky
537,Shache,CN,38.4167,77.2406,20.44,39,0,3.67,clear sky
538,Port Blair,IN,11.6667,92.75,76.77,74,54,11.74,broken clouds
539,Danilovka,RU,50.3557,44.1168,42.1,91,100,17.38,overcast clouds
540,Tiznit,MA,29.5833,-9.5,59.49,29,0,3.02,clear sky
541,Mamallapuram,IN,12.6264,80.1722,77.05,72,4,6.35,clear sky
542,Lebyazhye,RU,55.2689,66.4947,-2.07,97,88,8.84,overcast clouds
543,Okotoks,CA,50.7289,-113.9828,31.71,83,13,3.62,few clouds
544,Fenoarivo,MG,-18.933,47.4354,66.27,94,75,5.75,thunderstorm with light rain
545,Otavi,NA,-19.65,17.3333,71.89,63,98,6.35,overcast clouds
546,Jardim,BR,-21.4803,-56.1381,86.95,58,93,3.29,overcast clouds
547,Santa Rosa,PH,14.3122,121.1114,76.1,94,56,8.43,broken clouds
548,Buala,SB,-8.145,159.5921,81.93,82,95,9.64,overcast clouds
549,Tiksi,RU,71.6872,128.8694,-33.39,100,93,6.33,overcast clouds
550,Gurjaani,GE,41.7429,45.8011,39.2,45,26,3.6,scattered clouds
551,Tagusao,PH,9.1924,117.8141,77.68,85,98,4.0,moderate rain
552,Najran,SA,17.4924,44.1277,60.24,55,60,4.34,broken clouds
553,Gravelbourg,CA,49.8834,-106.5512,19.56,88,11,5.97,few clouds
554,Merrill,US,45.1805,-89.6835,34.57,86,100,6.91,overcast clouds
555,Porto Seguro,BR,-16.4497,-39.0647,79.32,83,75,14.97,broken clouds
556,Cootamundra,AU,-34.65,148.0333,72.95,64,3,6.93,clear sky
557,Cockburn Town,TC,21.4612,-71.1419,78.1,75,1,15.55,clear sky
558,Mulki,IN,13.1,74.8,76.28,88,77,0.0,broken clouds
559,Fallon,US,39.4735,-118.7774,36.91,73,75,6.91,broken clouds
560,Mananara,MG,-16.1667,49.7667,75.42,86,100,0.67,overcast clouds
561,Kropotkin,RU,45.4375,40.5756,46.74,84,98,17.74,overcast clouds
562,Birao,CF,10.2849,22.7882,70.45,28,0,6.69,clear sky
563,Bintulu,MY,3.1667,113.0333,74.91,94,84,4.29,light rain
564,Maua,BR,-23.6678,-46.4614,76.35,83,29,7.67,scattered clouds
565,Srandakan,ID,-7.9386,110.2506,77.94,87,100,9.86,overcast clouds
566,Espelkamp,DE,52.3833,8.6167,53.74,88,100,8.86,light rain
567,Damietta,EG,31.4165,31.8133,64.83,65,90,14.0,overcast clouds
568,Annau,TM,37.8876,58.516,40.23,59,14,3.49,few clouds
569,Cangzhou,CN,38.3167,116.8667,26.29,49,75,3.6,broken clouds
570,Kolpashevo,RU,58.3131,82.9089,1.45,97,100,3.94,light snow
571,Manthani,IN,18.65,79.6667,67.59,55,0,3.24,clear sky
572,Murray Bridge,AU,-35.1167,139.2667,63.34,71,0,11.25,clear sky
573,Petropavlovsk-Kamchatskiy,RU,53.0452,158.6483,12.79,85,100,8.95,light shower snow
574,Haldibari,IN,26.3333,88.7667,58.62,57,2,4.09,clear sky
575,Celestun,MX,20.8667,-90.4,83.12,61,55,7.52,broken clouds
576,Shaunavon,CA,49.6501,-108.4181,24.82,83,9,5.7,clear sky
577,San Patricio,US,28.017,-97.5169,83.16,60,8,13.58,clear sky
578,San Jeronimo,PE,-11.9472,-75.2829,59.0,59,99,1.7,overcast clouds
579,Hajdubagos,HU,47.3929,21.6655,45.37,100,29,5.75,mist
580,Gravdal,NO,68.1214,13.5031,39.83,76,100,31.27,light rain
581,Doka,SD,13.5167,35.7667,77.18,44,3,6.85,clear sky
582,Tsumeb,NA,-19.2333,17.7167,70.45,72,91,6.58,light rain
583,Ixtapa,MX,20.7,-105.2,79.23,73,40,12.66,scattered clouds
584,Miquelon,PM,47.0975,-56.3814,41.0,99,100,14.94,light rain
585,Lagunas,PE,-5.2269,-75.6753,84.25,58,100,2.59,overcast clouds
586,Koumac,NC,-20.5667,164.2833,78.57,72,47,9.91,scattered clouds
587,Shiliguri,IN,26.7,88.4333,58.46,58,7,4.68,clear sky
588,Bulgan,MN,48.8125,103.5347,-9.29,96,20,3.36,few clouds
589,Mongoumba,CF,3.6415,18.5936,80.38,39,100,2.48,overcast clouds
590,Port Hedland,AU,-20.3167,118.5667,84.25,65,94,10.36,overcast clouds
591,Flinders,AU,-34.5833,150.8552,72.37,76,27,5.23,scattered clouds
592,Havre-Saint-Pierre,CA,50.2334,-63.5986,25.14,74,100,11.5,overcast clouds
593,Ndola,ZM,-12.9587,28.6366,63.05,98,100,0.92,moderate rain
594,Taoudenni,ML,22.6783,-3.9836,70.39,9,0,9.37,clear sky
595,Chimoio,MZ,-19.1164,33.4833,66.16,86,43,2.39,scattered clouds
596,Port Lincoln,AU,-34.7333,135.8667,63.84,84,0,12.53,clear sky
597,Wajid,SO,3.8093,43.2471,79.18,59,7,19.37,clear sky
598,Lander,US,42.833,-108.7307,32.59,92,100,8.05,snow
599,Namtsy,RU,62.7161,129.6658,-43.49,99,82,2.75,broken clouds
600,Sisimiut,GL,66.9395,-53.6735,-2.52,87,88,10.36,overcast clouds
601,Flin Flon,CA,54.7682,-101.865,7.72,91,57,2.93,broken clouds
602,San Ignacio,BZ,17.1561,-89.0714,91.54,52,20,4.61,few clouds
603,Aramil,RU,56.6977,60.8369,1.51,92,100,11.18,light shower snow
604,Swan Hill,AU,-35.3378,143.5544,84.88,38,98,11.23,light rain
605,Carlagan,PH,14.975,122.0456,76.96,89,92,12.48,overcast clouds
606,Jacobina,BR,-11.1806,-40.5183,76.68,63,100,4.97,overcast clouds
607,Khromtau,KZ,50.2503,58.4347,26.49,97,100,7.09,overcast clouds
608,Wajir,KE,1.7471,40.0573,81.16,53,33,9.44,light rain
609,Kiruna,SE,67.8557,20.2251,1.49,91,9,5.37,clear sky
610,Dicabisagan,PH,17.0818,122.4157,74.66,93,100,2.51,overcast clouds
611,Presidente Medici,BR,-11.1753,-61.9014,80.96,89,45,3.58,scattered clouds
612,Husavik,IS,66.0449,-17.3389,17.01,77,34,19.73,scattered clouds
613,Korla,CN,41.7597,86.1469,19.26,60,0,2.71,clear sky
614,Cabra,ES,37.4725,-4.4421,55.62,39,100,4.41,overcast clouds
615,Urumqi,CN,43.801,87.6005,2.35,85,40,2.24,mist
616,Shirvan,AZ,39.9509,48.8994,43.02,47,9,5.3,clear sky
617,Popondetta,PG,-8.7537,148.2534,75.43,95,100,1.43,overcast clouds
618,Miandrivazo,MG,-19.5167,45.4667,74.48,88,100,2.86,light rain
619,Gorontalo,ID,0.5412,123.0595,75.11,93,100,3.67,overcast clouds
620,Rocha,UY,-34.4833,-54.3333,85.14,41,93,17.72,overcast clouds
621,Pasighat,IN,28.0667,95.3333,56.44,69,75,2.93,broken clouds
622,Sakaraha,MG,-22.9,44.5333,74.14,67,8,2.37,clear sky
623,Omihachiman,JP,35.1286,136.0976,41.94,77,39,6.22,scattered clouds
624,Port Victoria,KE,0.0939,33.9756,70.48,61,26,10.54,scattered clouds
625,Kiama,AU,-34.6833,150.8667,72.57,76,31,8.01,scattered clouds
626,Sangar,RU,63.9242,127.4739,-37.08,99,100,2.89,overcast clouds
627,Yuci,CN,37.6803,112.7319,15.55,57,0,2.24,clear sky
628,Laguna,US,38.421,-121.4238,62.08,48,0,25.32,clear sky
629,Rudbar,AF,30.15,62.6,45.45,35,27,7.05,scattered clouds
630,Umtata,ZA,-31.5889,28.7844,60.76,98,28,1.9,scattered clouds
631,Umba,RU,66.6871,34.3429,24.26,97,100,6.89,overcast clouds
632,Jalapa,MX,19.5333,-96.9167,71.26,61,32,5.1,light rain
633,Lisakovsk,KZ,52.5369,62.4936,2.32,99,88,4.09,overcast clouds
634,Karasburg,NA,-28.0167,18.75,82.87,12,16,14.27,few clouds
635,Navirai,BR,-23.065,-54.1906,76.15,82,86,5.14,overcast clouds
636,Ampanihy,MG,-24.7,44.75,73.72,82,90,7.78,overcast clouds
637,Wangqing,CN,43.3218,129.7634,4.08,72,24,8.48,few clouds
638,Las Lomas,PA,8.4333,-82.4,81.81,78,40,12.66,light rain
639,Ayan,RU,56.45,138.1667,-12.57,76,95,12.24,overcast clouds
640,Dubrovnik,HR,42.6481,18.0922,51.44,87,0,1.14,clear sky
641,Piran,SI,45.5278,13.5706,52.48,91,75,3.44,mist
642,Huarmey,PE,-10.0681,-78.1522,74.86,71,64,11.1,broken clouds
643,Ketchikan,US,55.3422,-131.6461,45.07,65,100,28.77,overcast clouds
644,Tupik,RU,54.4253,119.9327,-16.94,95,97,2.08,overcast clouds
645,Bud,US,39.447,-86.1758,52.9,91,100,3.24,overcast clouds
646,Omsukchan,RU,62.5333,155.8,-31.05,96,30,2.42,scattered clouds
647,Anchorage,US,61.2181,-149.9003,35.31,91,100,8.05,light snow
648,Charters Towers,AU,-20.1,146.2667,74.07,77,58,10.2,broken clouds
649,Carrollton,US,32.9537,-96.8903,79.54,43,75,14.97,broken clouds
650,Guarapari,BR,-20.6667,-40.4975,77.9,85,100,13.69,moderate rain
651,Lorengau,PG,-2.0226,147.2712,81.19,78,100,5.17,overcast clouds
652,Opelika,US,32.6454,-85.3783,71.85,59,5,1.01,clear sky
653,Fairbanks,US,64.8378,-147.7164,18.61,88,20,3.44,few clouds
654,Crawfordsville,US,40.0411,-86.8745,51.31,87,100,5.1,overcast clouds
655,Cam Ranh,VN,11.9214,109.1591,75.16,73,40,9.22,scattered clouds
656,Grenfell,AU,-33.9,148.1667,71.46,57,3,4.83,clear sky
657,Alofi,NU,-19.0595,-169.9187,80.49,89,100,8.05,light rain
658,Moranbah,AU,-22.0016,148.0466,73.4,76,1,14.67,clear sky
659,Khovu-Aksy,RU,51.1333,93.6,-4.38,93,100,2.77,overcast clouds
660,Chernyakhovsk,RU,54.6335,21.8156,49.21,77,89,14.99,overcast clouds
661,Skierniewice,PL,51.9548,20.1584,53.67,74,100,11.18,overcast clouds
662,Vila,PT,42.0304,-8.1588,40.69,95,100,4.68,overcast clouds
663,Macamic,CA,48.7502,-78.9996,26.58,89,100,5.06,light snow
664,Oranjemund,NA,-28.55,16.4333,64.94,90,0,5.68,clear sky
665,Rovaniemi,FI,66.5,25.7167,26.01,93,0,6.91,clear sky
666,Gold Coast,AU,-28.0,153.4333,75.0,85,75,6.91,broken clouds
667,Umm Lajj,SA,25.0213,37.2685,71.1,65,0,5.82,clear sky
668,Caernarfon,GB,53.1413,-4.2702,45.68,33,40,10.36,light rain
669,Solnechnyy,RU,50.7214,136.6319,-9.36,99,100,1.77,overcast clouds
670,Vakhrushev,RU,48.9833,142.9667,-1.61,85,92,8.1,overcast clouds
671,Saryagash,KZ,41.4511,69.1701,30.16,52,100,4.97,overcast clouds
672,Dauriya,RU,49.9333,116.8667,-13.77,96,7,6.8,clear sky
673,Behshahr,IR,36.6923,53.5526,45.66,65,1,3.76,clear sky
674,Poum,NC,-20.2333,164.0167,78.89,71,89,13.56,overcast clouds
675,Usinsk,RU,65.9939,57.5281,4.78,96,100,12.82,light snow
676,Banepa,NP,27.6298,85.5214,44.92,87,40,0.0,mist
677,Miles City,US,46.4083,-105.8406,32.97,74,20,4.61,few clouds
678,Rundu,NA,-17.9333,19.7667,69.89,75,94,5.84,overcast clouds
679,Puro,PH,12.4841,123.3827,76.93,90,95,10.18,overcast clouds
680,Seaside,US,36.6111,-121.8516,62.53,74,0,10.36,clear sky
681,Amapa,BR,1.0,-52.0,74.16,93,92,6.08,overcast clouds
682,Bara,NG,10.3744,10.7288,69.51,32,45,10.45,scattered clouds
683,Wahiawa,US,21.5028,-158.0236,77.32,67,20,0.0,few clouds
684,Dabakala,CI,8.3667,-4.4333,77.63,12,11,3.33,few clouds
685,Awbari,LY,26.5921,12.7805,51.67,51,0,6.11,clear sky
686,Staroaleyskoye,RU,51.0061,82.0,17.04,91,98,7.38,overcast clouds
687,Lavrentiya,RU,65.5833,-171.0,-12.71,92,35,11.95,scattered clouds
688,Rio Grande,BR,-32.035,-52.0986,87.91,79,45,20.67,scattered clouds
689,La Plata,AR,-34.9215,-57.9545,70.03,84,100,10.42,light rain
690,Zhuhai,CN,22.2769,113.5678,62.38,82,20,16.11,few clouds
691,Ayagoz,KZ,47.9714,80.4392,4.17,100,99,3.87,overcast clouds
692,Hit,IQ,33.6416,42.8251,51.89,38,87,7.94,overcast clouds
693,Bira,RU,49.0,132.4667,-23.1,96,14,4.59,few clouds
